star,promotion,welfare,worklife,culture,ceo,merit,disadvantage
5,4,4,3,4,4,"꽉 막혔을거라 생각했는데 그렇지 않았다.
그리고 대학생과 어려운 사람들에게 투자를 많이하며, 사회적 기업이 되기 위해 노력","개인의 문제이긴한데, 사수가 꼰대였음... 그거 빼곤 다 좋았다."
2,4,4,3,2,2,"대기업. 출퇴근하기 괜찮은 곳(교통편). 흡연자들의 경우, 18층 회의실에서 흡연가능합니다.",파견으로 들어온 직원들에게 술자리 회식 강요하는 담당자와 무리들. 술자리에선 흔하게 발생하는 성희롱. 하지만 그걸 성희롱이라 생각하지 못한다. 물론 몇몇 직원분들의 경우 해당 문제에 대해 인식하고 있으며 많이 도와주는 편.
5,5,5,5,5,4,"인턴에게도 존칭을 써주며, 실제 직원이 될 때를 대비해 여러 차례 교육 및 직무 체험 기회를 유도함. 또한, 사내 문화가 매우 개방적이며 쌍방향적 커뮤니케이션이 확보 된 직장.","담배라는 이미지가 안좋게 보일 수 있다는 점. 그러나 비 흡연자 분들도 근무를 하시며, 매출의 1% 이상을 사회공헌활동에 쓰는 얼마 안되는 기업 중 하나."
4,4,5,3,3,4,"자유로운 분위기 및 직무 이동이 자유로운 편, 무엇보다 좋은 것은 복지 혜택과 연봉이 말도 안되게 좋다는 것",공기업에서 전환된 기업이다보니 아직 그런 사고 방식이 남아있는 것이 보임.
4,5,4,5,4,3,담배라는 확실한 캐시카우가 있다 그렇기에 망할 걱정이 없다 돈이 약간짜지만 워라벨로 치면 최상급,"담배라는 혐오식품 기업이기때문에 광고나 이미지가 좋지않다 그렇기에
타 회사보다 인지도면에서 많이 떨어짐"
4,4,3,3,4,4,"타 업계와 비교하여 신입사원 초봉이 높은 편이며, 연차사용 등 복리후생의 혜택이 상당히 좋음","연봉상승율이 타기업에 비해 높지 않음, 창의와 혁신을 부르짖으나 직장내 만연해 있는 보신문화와 공사, 공기업 시절부터 이어져 내려온 특유의 ‘관’문화는 없어지지 않음"
5,1,4,4,3,3,연차를 마음대로 사용할수있고 최고의 복지가 보장되서 샌트위치 휴가가 가능함,진급하기가 진짜 어렵다 발전 가능성이 없어 다소 아쉬운 부분이 많다
4,3,4,4,4,3,자유롭고 편한 분위기여서 내 의견을 좀 더 자유롭게 제시할 수 있었음.,담배 회사이다 보니까 흡연자가 비교적 많은편인 것 같음.
4,3,5,5,5,4,"100년이 넘은 회사다보니 굉장히 안정적입니다. 복지와 급여도 체계적이고 호봉제까지 갖춘 회사라는 점은 매력적일 수 밖에 없습니다. 교육프로그램이나 이러닝등의 제도도 잘 갖춰져있습니다.

EX )리프레쉬휴가 : 5년차마다 3주간 휴가
CNC휴직 제도 : 공부 및 해외연수를 목적으로 유급휴직하는 제도","한 해 35-30명의 신입사원을 뽑고 있는 상태입니다. 중간에 인사적체가 심하기 때문에 승진하는데 많은 어려움이 따릅니다. 특히 대리이후 과장, 과장 이후 4급부터는 올라가려면 많은 노력이 필요합니다.

1-2년 지방 배치를 경험하고 와야하는 구조이기 때문에 신입사원들은 이부분의 디메릿을 느낄 수 있다는걸 알아야합니다."
4,3,3,4,4,4,"회사 동료간 친밀한 관계, 영업관리부터 마케팅까지 다양한 업무를 접할 수있는 경험, 엄청난 성장을하고 있는 회사","높은 업무량 및 강도, 현지 직원들과의 소통 부족, 낮은 인턴 급여, 잦은 회식자리"
3,2,4,4,3,1,"높은수준의 연봉과 고용안정성
담배사업 및 홍삼사업의 캐시카우를 통한 현금유동성 매우 좋음","공기업문화가 많이 남아있고, 오너기업이 아니다보니 회사의 의사결정이 장기적인 플랜을 잡지 못함.
심각한 인사적체와 업무능력에 따른 승진보상이 아닌 그때그때 사업부서의 티오에 따른 운발과 정치질을 통한 승진보상이 이루어짐
열심히 일해서 보상받기를 원하는 직원이 있다면 언젠가는 쓴맛을 볼것(정치없이는 아무것도 못함)"
4,3,4,4,2,3,일이 빡세지 않음. 건물 내에 흡연이 가능했으나 박근혜 정권때부터 불가능해진듯,꼰대상사 넘침. 젊은 문화를 강조하고 추구하는듯 하나 공허한 외침일 뿐. 공기업 특유의 보수적이고 답답한 건 어쩔수 없음. 기업문화는 슬로건이 만드는게 아니라 사람이 만드는 법..
3,3,4,3,2,3,매장관리를 위해 오전 오후 내내 외근이라 스스로 계획만 잘 세워서 일정대로 업무 가능,딱딱한 분위기. 영업실적의 압박이 다소 있음. 그것만 제외하면 연봉음 괜찮은편
5,5,4,4,3,4,사람을 먼저 생각하는 경영진의 경영이념으로 인재를 중요시함,같은 조건이라도 지역에 따라 다르게 적용되는 사항이있음.
2,4,3,1,2,1,일 자체에 본인 성격이 잘 맞으면 꽤나 재밌게 생활할 수 있음. 대기업 치고 잘 하고 상황 맞으면 승진은 꽤나 빠르게 할 수 있음.,상황에 따라 퇴근시간에는 기약이 없음. 기본적으로 출퇴근 시간이 늦음. 따라서 밤 늦게 끝나는 경우가 많음. 기껏 열심히 해도 실무관여 안하던 아무것도 모르는 팀장급이 비위 안맞추면 그냥 나가리 됨.
5,1,4,4,5,2,크고 복지좋고 노조가 힘이된다. 삼부제근무로 야간이빡세다.,"전기전자로 뽑았으면 직무에 맞는업무를 맡기고 교육시켜야지
이년째 오피로 삼교대뛰고있다. 내동기들도 마찬가지고 의욕이안생긴다. 다들 사회에서 한경력씩하고 어느정도 전문지식도 기능도 있는데 이놈의 오피생활하면서 다잊어먹고있는중"
5,3,5,4,4,5,"자유로운 흡연, 높은 연봉과 복지, 샌드위치 휴일, 고졸채용의 경우 군대 전역후 복직","비흡연자의경우 간접흡연 위험, 아직까지는 딱히없는거 같다."
5,3,4,4,3,3,KT&G가 칼퇴근의 약자라는 말이 있듯이 Work and Life Balance부분에서 아주 큰 강점을 가지고 있다 생각한다.,인턴 근무를 하며 직원을 지원하였는데 일에 대한 전문성을 갖기 힘들어 보인다.
3,2,5,5,4,5,"노력해가는 모습이 보임
문화도 생활도 업무도 많이 바뀌려고 말은많이함",본사는 야근....... 없는곳도 있지만 심한곳은 심함
3,3,2,3,4,3,젊은 사람들이랑 함께 업무를 해서 눈치안보이고 분위기는 수평적이다 다만 잡일이 너무 많고 일을 하면서 전문성이 키워질지는 모르겠다,인턴이라 직원의 복지는 받아보지 않았고 그냥 어떻게든 회사경지를 아끼려는 임원진들의 모습이 보였다. 나름 대기업인데 인턴들에게 너무 야박했던 것 같다 그외에는 직원들 지체가 젊고 친절해서 좋다
3,3,2,3,3,3,"업무가 전반적으로 어렵지 않아보였음. 또한 하는 업무강도에 비해 연봉, 복지, 근무조건 등 좋은 편임",업무자체가 전문성이 크게 없어보였음. 대부분이 학생들 프로그램 구성 및 관리라서 단순 업무 반복이고 일 자체는 지루하지 않을 수 있으나 미래 전문성 측면에서는 누구나 대체가능한 인력임
3,3,3,3,3,3,일하기편하게 만들어주는 분위기랄까 그럼점이 좋앗어요 기업문화가 맘에들엇어요,퇴근할때 눈치보는거 신입이라 당연하긴하겟지만 항상 그부분이 힘들엇어요 일적응도그렇고
4,5,4,4,5,3,연봉이높고 텃세가약하며 글로벌 기업으로 성장하려는 노력이 보임,마케팅이 별로라 영업사원만 죽어남 고객을 모르는 마케팅을 가끔 적용하라고 지시할때가있어 답답함
4,4,4,4,4,4,세계 5위 담배 기업이라는 자부심을 가지고 있고 복지도 좋음,회사 내에서 자유로운 흡연................
5,4,5,5,4,3,"수직적이지만 좋은 선후배 문화, 높은 직장 연봉, 안정성 가지고 있음, 기업 복지 좋음, 일과 삶의 균형 있음","직무별로 상이하지만 내려찍는 일처리 많음, 직무 이동시 교육을 시키기 보다 바로 현장에서 적응하라는 식으로 던져놓음,"
3,3,4,3,3,3,"복지가 좋고, 샌드위치일때 쉼 본사에 있을때 더 혜택이 많음",군대식 문화. 퇴근이 자유롭지 않음. 줄을 잘 서야 승진의 기회가 찾아옴
3,3,4,4,3,1,"특별한 성과 없이도 정년은 보장 되는 직장, 연봉도 연차가 쌓이고 급수가 올라갈 수록 급격하게 상승한다. 연차는 무조건 사용해야 하는 분위기로 샌드위치 공휴일은 무조건 연달아 쉬려고 하는 편이며, 쉬는날에도 대신 근무해주는 직무를 가진 사람들이 있어 부담 없다.","장점에 비해 단점도 있는데, 공기업 문화가 남아있어 보수적이고, 비효율적인 업무시스템이 만연하다. 소통의 어려움이 있고, 남성이 우대시 되는 문화도 여전하다. 단순한 업무의 반복이므로 개인 역량의 성장에 있어서 보람을 느낄 수 없다."
4,3,4,4,2,3,야근이 가끔씩 있긴 하지만 빈도가 적은편. 기업의 네임벨류도 좋아서 자부심을 가질 수 있고 돈도 부족하지 않게 받음.,상관의 이해할수 없는 인사발령으로 위 아래 모두 힘들게 함.
4,4,4,3,3,3,대기업인만큼 연봉이 일단 높은 편이다. 담배사업을 하는 기업이니 흡연자들은 사내에서 흡연을 할 수 있어 편한 점도 있을 듯 하다. 전반적인 분위기가 좋은 편이다.,"비흡현자는 알게모르게 불리한 점이 있다고 생각한다. 브랜드 마케팅으로 일부 부서에서 대학생들과의 접촉이 많은데, 대학생들이 기업에 대해 생각하는 이미지가 상당히 크게 부풀어지는 점이 있다."
3,4,5,3,3,3,영업압박이 덜함. 연봉이 쎔. 흡연자들에게는 더할나위 없는 직장. 흡연실이 구비,사무실 안에서 흡연 빈번. 현직 관리자들이 과거 인삼공사시절 공기업 꼰대들이라 꽤 보수적임. 8급 6급간의 임금차가 꽤 있는데도 불구하고 직무가 같은 경우가 빈번해서 조직내 트러블 발생가능성 있음. 칼퇴는 못함. 최근 담배 법안때문에 힘든건 사실. 신입사원 채용티오가 야박함. 내부적으로 인원을 줄이고 있는추세
4,4,5,3,4,3,"근무환경이 점점좋아지고있음.
복지조건은 국내기업 중 최상이라해도 과언 아님.","직원들 연령이 높은 편이라 다소 보수적임.
담배라는 특수 분야이기에 이직 등 커리어 쌓기에 불리함."
4,4,5,2,5,3,"연봉과 복지가 좋고 리프레쉬휴가비용, 휴가일수가 많았습니다. 담배를 좋아하는 남자직원들에게는 환상적인 회사임.","야근, 회식이 잦아 건강한 체력관리 필수. 칼퇴하면 자신의 저녁시간은 조금이라도 자유를 주었으면.."
4,4,4,4,4,2,"수평적사무실분위기
팀분위기가 좋았음.
사람들도 다 좋았음.","영업의 압박이있음.
위의분은 마치고 인턴들데리고 술한잔먹는걸 좋아하심."
4,4,5,3,3,3,고연봉과 복지. 과거 공기업 분위기가 남아있어 정년보장은 잘되는 듯. 본사는 깔끔한 사무환경입니다. 담배회사라서 애연가들한테는 천국. 지금은 안되는걸로 알고 있지만 실내에서 흡연도 가능했음. 담배산업 자체가 망할 일은 절대 없음. 에세라는 효자 상품이 있어서 앞으로 몇 십년은 버틸 듯. 적극적으로 해외시장을 개척하기 때문에 해외영업쪽은 주재원으로 나갈 수 있는 기회가 많음. 국내영업은 자동차 제공되고 외근 근무라 사무실 스트레스는 피할 수 있음.,공기업일 때는 노는 분위기였는데 민영화 된 뒤로 극한의 업무량. 내가 체험했던 지사는 전부 밤늦게 퇴근. 영업사원들 하루종일 외근나갔다 돌아와 업무하는 모습을 보니 굉장히 힘들어보였음. 국내점유율 지속적으로 감소. 에세라는 제품이 있어서 그나마 유지하는 듯. 담배제품이 영업한다고해서 더 팔리는게 아닌데 억지로 실적을 만들어야됨. 담배산업 자체가 비전이 없음. 그래서 자회사 한국인삼공사를 부러워함.
5,3,5,5,5,3,휴가 맘대로 쓸수있음. 국내최고복지라고 할 수 있음. 또한 이에 비해 높은 연봉,지루할 수도 있음. 담배라는 사업이 죄악사업이라는 주변의 인식
3,3,4,4,3,3,"급여면이나 나쁘지 않음.
여자가 다니기 좋음 육아휴직등","야근잦음. 점유율 압박 심함
윗분들은 뭘하시는지 잘 모르겠음"
5,3,5,5,4,4,"고연봉, 연차활성화, 기업문화(많이 좋아지고 있으며 향후 더 좋아질 예정), 가족같은 분위기가 있으며 승진이 조금 늦는 경향이 있으나 인력구조로 인한 시기적 이유일 뿐.","개인의 사내 평판이 정말 중요한 회사, 좋아지고는 있지만 아직까지는 조금 딱딱한 조직문화."
4,4,4,4,4,4,고정적인 매출이 있으므로 위에서 쪼는것은 별로없었습니다,개인의 성장가능성이 적은것 같습니다 크게 단점은 없어요
3,3,4,3,3,3,유통업에 대해 알수있던 회사. 전반적인 분위기가 좋았음 복지도좋은편,잦은 야근과 회의로 힘들수있음 수직적인분위기가 있기도함
5,3,5,4,4,4,"다양한 기회제공, 높은연봉, 높은복지, 휴가사용이 자유로움","승진이 힘들고, 영업분야의 경우 일이 단조롭다는 평이많음"
5,3,4,5,5,4,"수평적인 분위기
연차가 비슷한 사람들끼리 친구가된다
널널한 업무량
자부심과 뿌듯함을 느낄 수 있다
행복
출근시간이 늦고 그마저도 약간 늦게가는 분위기","사람을 자주 뽑지않는다
출퇴근 시간이 업무에 따라 유동적이다"
3,3,3,5,4,2,"다양한 복지, 생산직은 설비유지보수만 하기때문에 앉아서 설비만 보고있으면됨",담배제조 회사 이기 때문에 주변 시선이 좋지않습니다.
3,3,4,3,2,4,"샌드위치 휴가가 잦음, 고용 안정성이 높음
업무 강도가 낮음, 하루 8시간 근무로 여가시간이 많음
교대근무임에도 주말에 쉼","교대근무로 인해 불규칙한 바이오 리듬
수직적 관계
나이에 따라 대우가 조금 다름"
3,3,3,4,3,2,"샌드위치휴무가잘되어있음 복지는좋은듯
식당밥은쵝오 홍삼 임직원가구입가능","신입은 급여가너무적다..
관리자의갑질문화가심함 군대식문화
기숙사는 너무노후.."
3,3,2,1,1,1,연봉 높음(10급사원은 별로임) 하지만 호봉제여서 짬이찰수록 연봉이 많아지는 건 확실. 샌드위치 휴가 가능(설 추석 연휴 9일 쉰다) 복지카드,"공기업의 보수적인 기업문화, 직원간의 네트워크 부족, 비효울적인 인사제도 등 고쳐져야 할 부분이 태산인데도 윗어르신들은 보수적인 태도에 고쳐지기 힘들듯"
4,4,4,4,4,4,"대기업 답게 근무환경
영업부임에도 어느정도의 군대식 문화는 있었지만
그렇게 심한 편은 아니였음.","인턴활동이여서 크게 나쁘다는 점은 느끼지 못했음
근무환경이 좋았으며 같은 직원들도 모두 좋았음"
4,3,5,5,4,3,기업문화가 매우 좋습니다. 여성복지가 뛰어나고 페이도 괜찮습니다. 안정적으로 오래다닐수 있는 기업,"과거 공기업이라서 그런지 보고를 위한 절차가 까다로움, 약간은 보수적인면도 있음, 금연자에게 끊임없는 유혹"
5,3,5,3,5,3,"챙겨줄 수 있는 것은 빠트리지 않고 챙겨줌, 매장이 바쁘고 힘들어도 함께 일하는 사람들이 좋아서 버틸만 함","파트타임은 정시출근 정시퇴근에 휴무도 정확했지만 직원들은 인력 충원이 안돼서 풀타임근무를 며칠간 계속하기도 했음,, 많이 힘들어보였음"
3,1,5,4,1,1,"어마어마한 복지. 국내 최대복지라고 자부할 수 있음. 휴일많으며 휴가지 제공, 우리사주제공,복지카드,기념일 등마다 선물, 사택제공 등",비민주적이고 보수적인 분위기. 자기발전은 기대할 수 없음. 체계적인 인사관리 전무. 여기서 일하다 나가면 아무 경력이 없는거나 다름 없으므로 한 번 들어올거면 평생 일하게단 생각으로 들어와야 함
5,4,4,4,4,4,고용이 안정적이라는점. 흡연자인 직원의 권익을 존중한다는점. 자유로운 분위기.,담배회사로서 사회적 채무를 가지고 갈 수 밖에 없음. 배송사원의경우 잔업이 있을수 있음.
5,3,5,3,4,3,높은 연봉 좋은 복지 수평적 조직문화 매우 좋음 강추함,전반적으로 사업이 사양의 흐름 새로운 사압 다각화가 필요
4,4,5,4,4,4,복지가 매우 우수하다. (회사의 어디에서나 흡연을 할 수 있다는 것 또한 소소한 장점) 급여도 나쁘지 않은 편이다.,"외근이 많다는 점? 하지만, 담배 영업의 특성상 이것은 어쩔 수 없다고 생각한다. 점주들을 상대할 때 조금 어려울 수도 있다."
5,4,4,3,3,4,기업이 복지도 좋고 사람들도 좋고 위계질서가 너무 치열하지 않아서 좋다,살짝 보수적인 면이 있다는게 단점이라면 단점이라고 말할 수 있는 것 같다
4,3,4,4,4,3,"복지가 좋음.
근무요건도 좋음.
업무도 어려운 편이 아님.
판매량 차량도 각자 지급됨.","퇴근시간이 평균 오후 8시 가까이.
출근은 오전 8시 전"
4,3,4,4,4,3,"동일 직장 대비해서 높은 급여와 공기업과 흡사한 근무 안정성을 갖추고 있음
사택 제공으로 자본을 모으기 쉬운 환경을 지니고 있음","큰 단점은 없지만 근무 시간이 조금 유동적이라 근무할 때 적응이 힘들 수 있음
근무지에 따라 주변 환경이 많이 바뀌어 불편할 수 있음"
4,3,4,3,4,3,독점에 가까운 점유율 고수로 안정적이고 높은 복지수준이 만족스럽습니다. 정년이 보장되는 것도 큰 장점입니다.,"보수적이고 남성 위주의 기업문화가 존재, 정부기관 시절의 구성원이 관리자로 많이 남아있어 조직문화 개선에는 많은 시간이 소요될 것으로 예상됩니다."
1,3,2,3,3,3,담배를 눈치보지 않고 필 수 있다. 업무에 있어 굉장한 유연성이 있다.,담배인삼공사 시절의 분위기가 아직 남아있다. 들어오면 회사라는 분우기보다 정부 부처에 가까운 느낌
5,4,4,4,5,4,"맛있는 신탄진 밥. 끈끈한 기업문화와 연봉~
좋은 복리후생",서울근무가 아니라 지방근무 갈 수 있다는 점... 개인마다 호불호가 갈리는것같네요. 직무에따라 대전에 근무할확률이 높음
3,3,4,2,2,2,"개인이 노력한다면 충분한 인정을 받을 수 있는 기업. 홀로 영업을 하기 때문에 구속받지 않음. 통신비, 식사비 등 기본적인 복지가 좋음. 직급에 따라 직무수당이 다름. 휴일 및 징검다리 휴무에 관대한 입장.","단순 보고의 업무가 많으며, 이미 윗선에서 알고 있는 사전조사 및 업무 등 재확인하기 위해 업무를 만드는 편. 체계적이지 못한 업무와 자그만한 실수가 발생한다면 곧 자신과 상사의 인사고가와 영양의 미침. 이기주의."
5,4,5,5,4,4,"자기계발과 여가를 누릴 수 있다는 점이 메리트이며, 근속년수가 높다는 점에서 안정성이 있음",입사 초기 연봉은 타 대기업들에 비해 다소 낮을수 있음. 아직은 약간은 잔존하는 군대문화.
5,3,4,3,3,3,높은 수준의 복지와 연봉 지점마다 분위기는 모르겠지만 근무했던 지점은 지점장님부터 과장님들까지 모두 친절하시고 유쾌하셨다,영업사원으로 일하게 된다면 점주와 의사소통을 잘해야함. 상당히 바쁘고 여러 업무를 동시에 할 수 있는 스킬이 필요
5,3,4,5,5,4,일단 흡연자에게는 굉장한 메리트겠군요. 주변이 담배로 둘러쌓여있고 이 때문에 흡연자들의 천국이라고 할 수 있습니다. 복지가 사기적입니다.,아직까지 공기업 문화가 있어서 조금은 수직적이라고 할 수 있습니다.
3,3,4,1,3,3,안정적이고 복리후생이 매우 좋음. 자녀를 키우면서 다니기에 금전적으로 걱정거리가 많이 줄어듬.,하나부터 열까지 다 평가라고 생각하면 됨. 퇴근시간이 밖에서 생각하는것 만큼 빠르지 않고 오히려 더 늦을 때가 많음. 내근의 경우는 타회사보다 업무강도가 셈.
4,3,4,4,2,3,"사원들에 대한 복지가 매우 좋다.
샌드위치 평일도 다 휴일로 돼, 해외여행을 가도 될 정도로 휴일이 많음.
회사예비군 있음.","가부장적인? 사람이 많아 대화하기가 조금 힘들다.
20-30대들의 마인드를 이해하지 못하는 분들이 많다."
4,3,5,3,3,3,"주말 당직시 복장이 자유로움(반바지 착용도 가능)
또한 초기 정착에 대한 지원금이 나와서 지방근무시 용이함","공기업이였던 문화가 남아있어, 여전히 상하관계 및 보수적인 문화가 존재"
4,4,5,5,4,4,담배를 일하는 동안 자유자재로 필 수 있음. 칼퇴근. 높은 연봉. 여러가지 사업을 추진하고 있음.,아직 공기업의 이미지가 굉장히 강해 업무가 효율적으로 보이진 않음. 그냥 까라면 까야함.
4,3,5,4,1,3,"나름 안정적임 사업을 영위하고 있으며, 업무가 그리 어렵지 않음..","인공서열이 중요하며, 외부 인력채용은 극히 그물고, 외부 기업과의 연계가 많지 않아 폐쇄적임"
5,4,5,4,4,4,"1. 복지 국내 탑 기업
2. 근무시간 정화확한 기업
3. 연봉 상위20위기업
4. 근무강도가 약한기업
장점이 이말고도 많습니다","1. 좋은만큼 경쟁률이 높아서 들어오기힘들다
2. 혼자일하는거좋아하는분이면 비추
3. 사양산업이기때문에 다른 분야로의 진출이 필요"
4,3,4,4,4,3,"안정적인 산업군에 안정적인 매출, 안정적인 연봉. 18년이 넘는 평균 근속을 자랑하면서 대기업 못지않는 연봉과 복지를 제공.",입사 직후 1~2년 영업점에서 직접 route sales를 뛰어야 한다는 점. generalist를 키우기 위해 specialist를 키울 생각을 못한다는 점.
5,5,5,5,5,3,1위기업의 자부심을 느끼고 복지가 뛰어난 회사 근속년수가 높은회사,정확하게 단점은 아직 모르겠으나 영업같은경우 본래사는 지역과는 다른곳으로 발령날경우가 높음
3,3,4,3,3,3,"연봉 복리후생은 타 대기업대비 부족하지 않음
주기적인 순환근무로 다양한 분야 근무가능",공무원 공사문화가 많이 남아있어 상의하달식 소통이 이뤄지며 직원들의 의견이 반영되기 힘든 조직문화가 많음
4,3,5,4,3,3,영업현장직중에선 원탑이라할만큼 편하고 연봉도 쎄고 일할맛 나는 직장,음식영업이아닌 사양산업이라 언제 망할지모른다는것이 단점아닌단점
4,3,4,4,2,3,"대기업 평균보다 높은 연봉 부서마다 다르지만 근무시간의 강도가 보통
높은 마켓쉐어로 영업 압박이 적음","전형적인 군대식 한국 기업문화
담배회사의 특성상 사무실에서 담배에 대한 규제가 많이 없슴."
4,4,5,2,3,3,정년이 보장되며 공기업같은 사기업이라 동종업계에서 월급도 쎈 편입니다. 또한 직원들끼리 상하관계가 철저하지 않아 부드러운 편입니다.,사기업 전환 이후 실적 압박이 있는 편입니다. 그래서 퇴근 시간 역시 늦어지는 편이며 회식 문화가 많습니다.
4,3,4,4,3,1,정년이 전반적으로 길고 여자의경우 육아휴직 자유롭게 사용 분위기. 업무강도는 높지 않은 수준임.,직장 남성비율이 높고 술자리가 잦은편. 업무 강도 관계없는 야근도 많음. 정년 긴 관계로 승진 치열
4,4,4,4,3,3,"대도시 나 거점 지역 제외,본인 역량에 따라 널널한 칼퇴근 가능 (영업RM직해당)
회식부분역시 지점장에 따라 다름",본인역량이라는 부분. 승진을 위해서는 원치않는 영업직 사무직 돌아가면서 업무를 봐야함.
4,3,3,3,3,3,"직원들의 분위기가 좋음, 으쌰으쌰하는 분위기, 담배 뿐 아니라 화장품, 의약품, 홍삼 등 여러 자회사가 있다는 점","아무래도 남성 중심으로 운영됨, 보수적인 문화가 존재함"
4,3,4,3,3,3,"타기업에 비해 적지않은 연봉과
나름 만족스러운 복리후생이 기업의 장점","수직적인 조직문화와 공기업임원진으로인해
소통의 어려움이 있고 업무량도 적지않음"
2,1,4,2,1,2,"복지제도(사택제공, 건강검진 등) 잘 갖추어져있으며 급여수준이 나쁘지 않음","지역기관의 경우 연차와 휴가 사용이 어려움
인사제도가 체계가 없고 직원들이 커리어 패스를 능동적으로 관리하기 힘들며 부서배치에 남녀차별이 심함
공기업 분위기가 남아있어 전체적으로 보수적이고 수직적이며 딱딱함"
3,3,5,3,3,3,급여가 비교적 높고 복지 제도가 다양하고 타 기업 대비 상당히 좋은 편,아무래도 법의 규제를 많이 받는 산업이다 보니 이것저것 할 수 있는 운신의 폭이 좁음
3,2,5,4,4,2,"대기업의 복지와 연봉을 받을 수 있음
사내문화도 좋고 직장내 분위기도 편안한 편","담배를 좋아하지 않거나 피지 않는다면 힘든 부분이 있을 수 있음
신제품 담배가 출시 됬을때 테스트를 돌림, 회의실에서 담배 등 (안피기 눈치보임)
담배라는 특화 산업이기에 정책이나 여론의 영향을 받는편
일하기 편한 회사긴 하지만 개인 커리어를 쌓기엔 정체되는 느낌이 강함"
3,3,4,3,3,4,복지 및 연봉이높고 지사별로 실적이 높으면 본사로 이동도 가능함,"우선 담배팔이(슈퍼 담배코너 관리부터시작)에 대한 각오가 필요한듯. 담배판매점 영업이 주를 이루다보니 업무대상이 슈퍼 아저씨,편의점 알바라는 사실이 괴리감을 불러옴. 남성향이강함. 옛날엔 사무실에서 담배피는습관이있음(지사별 영업팀)"
4,3,4,4,5,4,"회사의 자부심을 가지고 다닐 수 잇다.
직원들의 복리후생이 좋고 출퇴근 카드를 찍지 않는 직장 이게 좋은 건지 안 좋은 건지 모르겟지만. .","나이 많은 임원 분들의 보수적이고 고지식한 업무 방향, 태도, 생각들
여성들이 일하기엔 다소 힘든 직장이 아닐까 싶다."
4,3,4,2,3,3,"연봉 및 복지가 아주 좋습니다. 남들이 들었을 때, 헉! 할 수 있는 성과금","지점마다 다를 수 있으나, 회의실에 재떨이가 있어 비흡연자의 경우에는 건물 입구부터 담배 냄새를 맡을 수 있음"
3,1,3,4,4,2,어르신들이 좋아함 아직도 공사인줄알고 안정적이라 생각하심,사기업된지 오래됐고 벌써 구조조정 꽤 했음 담배시장의 축소 외국산담배 강세 등 생각해보길
4,2,3,2,3,2,"국내1위로 선두적 지위를 지니고 있으며 복리후생, 급여 등에서 만족","과다한 근무시간 오전8시20분 출근 오후8시 이후퇴근, 주식회사로의 한계점들이 최근 드러남"
4,3,5,4,3,1,"복지, 급여, 업무강도 모두 만족할만 하다.
안정적인 직장을 원한다면 강추!","전문적인 지식을 요구하는 직무가 많이 없다보니
자기계발을 하기보다는 사내정치에 신경을 많이씀"
3,4,5,2,1,1,"높은 연봉과 매우훌륭한 복지를 제공
사무직으로 들어온다면 큰 무리 없이 관리자까지 쉽게 올라갈수 있는 기회
사업은 하락세이지만 매출은 항상 높아 안정적인 회사","무능한 관리자와 바뀌지 않는 구식 기업문화
영업직으로 들어온다면 50이 넘어서도 모닝타고 담배팔러 다녀야함 승진의 기회 매우 희박함
개인의 삶을 보장해주지 않으며 승진을 위해서는 업무 보다 내부정치를 더 활발히 해야함"
5,4,5,5,4,4,근무 강도가 높지 않으며 안정적인 근무 환경이 있는 좋은회사,공무원 출신의 나이 많은 사람들이 많이 있으나 차차 개선되어가고 있는 과정임
4,3,5,3,3,3,우수한 직원 복지제도. 안정적 고용구조. 진정성있는 사회공헌활동. 전국적인 근무 인프라.,공무원/공사를 거쳐 보수적인 조직 문화. 개선되었으나 연공서열 의한 승진제도. 인력구조 불균형)고연령자 다수)
4,3,5,4,4,3,"시장내 1위기업이기에 자부심을 느낄수 있음
구성원 분위기가 좋음
연고지를 잘 고려해줌
복지와 연봉 괜찮음","관리자의 스타일에 따라 워크라이프밸런스가 왔다갔다 함
세금인상 등 외부요인에 의해 많은 변동이 있음
공기업 문화가 남아있음"
3,2,4,3,4,2,복지혜택 및 기업에 오래다닐수 있는 문화 젊은사람들과 일할수 있는 기회도 주어질 수있음,보수적인 성향이 없지 않음. 부서에 따른 업무량 차이
4,4,5,3,4,4,"동종업계 최고의 임금복지, 60% 수준의 MS 유지
안정적 고용유지","대표적 죄악산업으로 대외이미지 낮음
국내시장의 성장한계 명확"
5,3,4,3,5,5,다양한복지와 다양한 사람들을 만날수있다,사업악화로 인해 항상 위기의식을 가지고 일을해야하고 비전이 없어보임
5,4,4,5,4,5,"공기업 같은 분위기, 일과 삶의 균형으로 업무 스트레스가 적은 편",업무강도가 적고 안정적인 회사 분위기로 인해 자기계발에 소홀해질 수 있다.
4,1,4,3,2,2,복지 좋고 편하게 다니려면 정말 좋음,"신입사원 축소 채용, 사업 특성상 비전 적음"
3,3,4,2,3,2,호봉제라 매년 연봉이 상승하고 승진을 했을 경우에도 연봉상승율이 높은 편. 복리후생도 좋은 편. 전국 각지에 근무지가 있어 연고지 근무가 가능.,채용/인사 시스템이 불명확(매년 달라짐). 기업문화를 바꾸려고 노력 중이지만 아직까지는 보수적인 분위기.
4,3,4,3,3,3,"공기업 문화가 남아있어서 특별한 일 아니면 오랫동안 다닐수있는점,높은 연봉",마찬가지로 공기업 문화가 남아있어 보수적인 부분도 없지않아 있음
4,3,4,2,2,3,"복지제도가 좋고,비교적 높은 연봉이 장점.
각 휴일 외 샌드위치 휴일이 존재. (연차를 따로 많이 사용하지않아도 쉬는날 많은 편)","아직 많은 공기업출신의 임원들이 남아있어 보수적이고 일많음. 잦은 회식,야근은 기본..체계적이지 않은 성과급,야근 초과근무 수당 없음(각 본부별 공장등은 다르나 본사는 없음)"
5,4,5,4,4,4,하는 일에 비해 매우 높은 연봉 안정적,상상팀에서 일하지 않는 이상 반복되는 영업업무
3,3,4,2,3,2,복지및 연봉은 괜찮은 수준입니다. 회사분위기도 화기애애함,"인사평가제도는 의문이 듭니다
휴일업무는 상상을 초월합니다"
4,4,3,3,4,4,복지가 좋은편이며 안정적이다 여자가 일하기에 좋다,조직문화가 강하며 남성들이 많아 사무실안에서 보편적으로 담배를 피우는 분들이 많다
4,3,4,3,4,4,"높은 연봉, 정년보장 등 전반적으로 좋다","업무강도가 높다, 퇴근 시간이 불규칙한 것이 흠"
4,3,5,2,3,2,초봉도 높고 연봉상승폭도 큰 편이다. 그리고 복지제도도 잘 되어있다. 무엇보다 정년보장이 된 안정적인 직장이다.,"퇴근시간이 늦고 불규칙하며, 일을 하다보면 영업행태에 대한 회의감이 많이 들 것이다."
5,4,5,4,4,4,"만족할만한 급여와 복지, 앞으로 시간이 지남에따라 본인 하기나름 발전가능성이 큰 편",평균연령이 높다는 점이지만 그 만큼 새로운 기술인력이 들어올 것
5,2,4,4,4,3,"여러가지 신제품들을 사용해볼수있음
대부분 여섯시에 마침
토일 연장근무없음
가족같은분위기임",성장가능성이 많지않아 개인발전이없는듯
4,3,5,4,5,3,가장 좋은 회사의 장점은 복지와 사내문화입니다. 주위 친구들이 다니는 회사 문화 이야기를 들어보면 전 정말 대만족하면서 다녀요^^,앞으로 회사의 미래가 불투명하다는 것이 단점입니다. 아무래도 담배산업이다보니 요즘 언론에서도 많이 나오고 하죠? 이 점이 단점이네요..
3,3,2,2,1,2,업무 자체에 대한 강도는 높지 않음. 단 술자리등 사내 직원들과의 친화를 위한 자리가 많음...,"너무 잦은 술자리. 사내 흡연. 위로 층층이 쌓여있는 선배들. 배송직, 영업사원들와 대졸공채간의 갈등 등.

여기 들어오면 다른 산업으로의 이직은 불가하다고 보면 됨. 가봤자 다른 담배회사."
4,3,5,4,4,3,"복지, 연봉, 근무지 전부 만점에 가까운 회사
상상유니브 같은 경우는 상당히 젊고 커뮤니이션이 활발
제법 늦은 나이까지 다닐 수 있는 안정성","M/S의 하락으로 인하여 미래가 현재보다는 안좋을 거라는 평가
사기업으로 전향 후 점차 고조되어가는 업무 환경
줄, 인맥이 아니면 승진이나 근무지를 벗어나기 어렵다는 점"
4,3,5,3,2,2,"가족같은 문화와 안정적인 고용.
업무에 비해 높은급여와 복리후생","보수적인 기업문화와 사고방식
하지만 단점보단 장점이 많은회사"
2,2,4,3,3,2,"다양한 복지 제공, 비교적 안정적인 시장과 급여","보수적인 근무문화환경, 상명하복 문화"
4,3,4,3,4,3,"대기업+공기업+공무원 혜택을 누릴 수 있습니다.
급여+복지카드+주식+생활연수 등",담배세금 인상에 따른 어려운 상황이 기업의 지속성 방향에 다른 접근방법이 필요한 상황
3,3,4,3,2,2,"사업안정성, 고용 안정성, 비교적 괜찮은 월급.","보수적인 군대적인 문화, 정치를 잘해야 함. 개인적인 사생활이 보장 안됨."
4,3,5,3,3,3,"급여, 복지는 만족스러움. 군대식 문화에 익숙하다면 최고 !!!",진급의 기준은 줄을 잘 타야합니다 ㅜㅜ
3,2,5,2,3,3,"무척 안정적임.
직원들 간의 유대가 좋음","업무가 지루할 수 있음.
직원들 간의 유대는 피로로 연결 될 수 있음"
4,3,5,2,3,3,"배울거많고 망할일없음이 최대의장점
임금 복리후생 나쁘지않음","군대식분위기불합리한승진
집은 잠만자고 나오는곳
학연 지연 핏줄빽 수두룩 불합리한 승진"
3,2,3,2,2,2,"일부 직원들은 위와 같은 이미지를 탈피하려고 함..
일이 많다는건 확실히 배울 것도 많다는 것..",일이 많음.. 집은 그저 여관일뿐!!!!!!!!!!!!!!!!
4,4,3,3,4,4,-사람의 정을 회사에서도느낄수있을것 같은 회사입니다,-비흡연자를 위해 흡연장소도철저히 지키는편이지만 비흡연자는 조금불편할수도ㅠㅜ
4,4,4,3,3,2,"압도적인 시장 1위 M/S와 높은 영업이익률, 해외시장 확대.

상대적으로 학벌문화가 없어 능력만 있다면 회사내에서 자신의 가치를 나타낼 수 있음","담배규제에 따는 내수시장 침체가능성 농후.

점점 치열해지는 국내 시장점유율"
4,3,3,3,3,3,최고의 복지 시스템과 가족같은 사내 분위기,공기업의 잔재가 남아있어 이노베이션하지 못한 회사
3,1,4,3,4,3,"복지가 정말좋다, 사소한 것까지 다 챙겨준다
부서에 따라 다르지만 대체로 근무환경이 좋은편","혁신을 꾀하긴 하나 아직도 공기업 느낌이 많이 난다
새로운 것보단 기존의 것을 재탕하는 느낌"
3,3,4,3,2,3,안정적이고 복지혜택 좋음. 연봉 높은 편. 사내 문화 자체가 경쟁적이라기 보다는 인간적이고 정이 많음.,나이 드신 분들이 많고 기업문화가 보수적임. 사내 흡연 허용됨. 대부분 사무실에서 흡연. 정치적인 분위기가 타 회사보다 심함.
2,2,3,3,1,3,주 5일근무. 공휴일 휴무. 샌드위치 휴무 지향. 어렵지않은 근무. 실내 평균기온에서 근무.,"술자리가 잦음. 간접흡연 및 직접흡연에 노출. 상당히 보수적인 분위기. 극심한 소음과 먼지에 노출(귀마개,마스크 유)"
4,3,4,4,3,3,"공정한 평가를 합니다.
야근도 적습니다.
복지도 괜찮습니다.","상호간의 대화가 적습니다. 그래서 상명하복식으로 경영합니다.
따라서 팀웤보단 상부의 지시에 절대적으로 따라야 합니다."
2,3,4,3,3,3,전형적인 한국 기업분위기를 느낄수있다.,"비흡연자라면 다시생각해봐야한다.
특히 건강을 끔찍히 생각하는 당신이라면."
3,2,2,2,3,2,"안정적이고 꾸준히 근무할 수 있는 환경, 일반적인 회사 분위기. 생각보다 각 부서가 독립적으로 활동 가능","군대스타일의 수직적 소통구조, 업무량 대비 효율성이 좋은 편은 아님
담배회사라는 부정적인 이미지"
4,3,4,2,4,3,"인간적인 회사, 안정적인 사업 아이템의 혜택을 누리는 회사","오너기업이 가진 지속력과 추진력이 약함.
사람 바뀔때마다 긴장해야하는..어쩌면 그것이 원동력일 수도"
3,3,3,3,3,3,업무의효율성 수평적 조직문화,업무 강도에 비해 상대적 낮은 보수
3,3,4,4,4,4,안정적인 월급,자기계발 부족
4,4,2,4,4,2,자유로운 분위기,낮은 연봉
4,4,3,4,4,3,사회 생활이라는 표본. 가족적이며 사무적으로 대하지 않는 인격적인 집단,업무 강도에 따른 스트레스 외에는 없음
4,3,4,4,4,3,사내공간의 환기시설,결산때 일이 많다
